title,company,platform,location,department,team,employment_type,url
"Sr Manager, Commercial Strategy & Operations - 2K Sports Lab",2k,greenhouse,"London, England, United Kingdom",Commercial Operations - 2K Publishing,"London, England ",,https://job-boards.greenhouse.io/2k/jobs/7653156003
"Strategic Operations & Planning Lead, Trust & Safety",2k,greenhouse,"Dublin, Ireland",Global Marketing Player Journey Strategy and Operations - 2K Publishing,"Dublin, Ireland",,https://job-boards.greenhouse.io/2k/jobs/7544178003
Detection Engineer,accenturefederalservices,greenhouse,"Arlington, VA",52264470 - AFS - Business Operations,"San Antonio, TX",,https://boards.greenhouse.io/accenturefederalservices/jobs/4651344006?gh_jid=4651344006
Director of Risk Management,aclu,greenhouse,"New York, New York, United States",Business Operations and Support Services,"New York, NY - National",,https://job-boards.greenhouse.io/aclu/jobs/8425602002
"Summer 2026 Graduate Intern, National Knowledge & Learning Program- Business Operations & Support Services",acluinternships,greenhouse,Remote/Hybrid- New York City,Administration and Finance,"New York, NY - National",,https://job-boards.greenhouse.io/acluinternships/jobs/8425446002
Chief of Staff - R&D,addepar1,greenhouse,"New York, NY",Engineering Executive Suite,"New York, NY",,https://job-boards.greenhouse.io/addepar1/jobs/8120254002
Strategic Initiatives & Client Operations Analyst,addepar1,greenhouse,"New York, NY",Sales Client Engagement,Remote - United States,,https://job-boards.greenhouse.io/addepar1/jobs/8392881002
Head of Strategy & Business Operations,adyen,greenhouse,Amsterdam,Strategy & Execution,Amsterdam,,https://job-boards.greenhouse.io/adyen/jobs/7699069
Senior Strategy & Business Operations Manager,adyen,greenhouse,Amsterdam,Strategy & Execution,Amsterdam,,https://job-boards.greenhouse.io/adyen/jobs/7653382
Strategy & Business Operations Lead,adyen,greenhouse,Amsterdam,Strategy & Execution,Amsterdam,,https://job-boards.greenhouse.io/adyen/jobs/7653366
Product Operations Specialist,affinipay1,greenhouse,Remote - Colombia,Business Operations,Remote - Colombia,,https://www.8am.com/openings/?gh_jid=4659194006
"Senior Specialist, Strategy & Operations - Tokyo",agoda,greenhouse,Tokyo,Supply,Tokyo,,https://job-boards.greenhouse.io/agoda/jobs/7548105
"Chief of Staff, Vulcan (GenAI safety & security)",aift,greenhouse,"Taiwan, Hong Kong, Singapore, UAE (Dubai/Abu Dhabi)",Asia - AI Security,Hong Kong Office,,https://job-boards.greenhouse.io/aift/jobs/5727286004
Process Strategy and Optimization Manager,airbnb,greenhouse,United States ,Business Operations/Analysis,United States,,https://careers.airbnb.com/positions/7550345?gh_jid=7550345
"Regulatory Operations Lead, APAC",airbnb,greenhouse,"Seoul, South Korea",Business Operations/Analysis,"Seoul, South Korea",,https://careers.airbnb.com/positions/7571217?gh_jid=7571217
"Regulatory Operations Lead, EMEA",airbnb,greenhouse,"Paris, France",Business Operations/Analysis,"London, United Kingdom",,https://careers.airbnb.com/positions/7571193?gh_jid=7571193
"Regulatory Operations Lead, EMEA",airbnb,greenhouse,"London, United Kingdom",Business Operations/Analysis,"London, United Kingdom",,https://careers.airbnb.com/positions/7609900?gh_jid=7609900
Responsable de la Performance des Fournisseurs,airbnb,greenhouse,Canada,Business Operations/Analysis,Canada,,https://careers.airbnb.com/positions/7585386?gh_jid=7585386
"Sales Operations Lead, APAC",airbnb,greenhouse,"Singapore, Singapore",Business Operations/Analysis,Singapore,,https://careers.airbnb.com/positions/7433769?gh_jid=7433769
Senior Enablement Manager,airbnb,greenhouse,Singapore ,Business Operations/Analysis,"Singapore, Singapore",,https://careers.airbnb.com/positions/7613446?gh_jid=7613446
Senior Supply Market Planning Manager,airbnb,greenhouse,"Dublin, Ireland, London, United Kingdom",Business Operations/Analysis,"Dublin, Ireland",,https://careers.airbnb.com/positions/7451677?gh_jid=7451677
Vendor Performance Manager,airbnb,greenhouse,Canada,Business Operations/Analysis,Canada,,https://careers.airbnb.com/positions/7585385?gh_jid=7585385
"Senior Analyst, Strategy and Operations ",allarahealth,greenhouse,"New York, NY",Operations,Corporate,,https://job-boards.greenhouse.io/allarahealth/jobs/5016266008
Accountant ,allencontrolsystems,greenhouse,Remote,Business Operations,Austin,,https://job-boards.greenhouse.io/allencontrolsystems/jobs/5114757008
Advanced Drone Operator,allencontrolsystems,greenhouse,"Austin, TX",Business Operations,Austin,,https://job-boards.greenhouse.io/allencontrolsystems/jobs/4974411008
Facilities Operation Associate ,allencontrolsystems,greenhouse,"Austin, TX",Business Operations,Austin,,https://job-boards.greenhouse.io/allencontrolsystems/jobs/5097239008
General Opportunities ,allencontrolsystems,greenhouse,"Greater Austin, TX",Business Operations,Austin,,https://job-boards.greenhouse.io/allencontrolsystems/jobs/4515655008
Innovation Lab Solutions Lead ,allencontrolsystems,greenhouse,Remote,Business Operations,Austin,,https://job-boards.greenhouse.io/allencontrolsystems/jobs/5137988008
Mission Operations Engineer,allencontrolsystems,greenhouse,"Austin, TX",Business Operations,Austin,,https://job-boards.greenhouse.io/allencontrolsystems/jobs/4933964008
Office Admin,allencontrolsystems,greenhouse,"Austin, TX",Business Operations,Austin,,https://job-boards.greenhouse.io/allencontrolsystems/jobs/5141683008
Technical Operations Engineer,allencontrolsystems,greenhouse,"Austin, TX",Business Operations,Austin,,https://job-boards.greenhouse.io/allencontrolsystems/jobs/4934011008
Technical Writer,allencontrolsystems,greenhouse,Remote,Business Operations,Austin,,https://job-boards.greenhouse.io/allencontrolsystems/jobs/5126176008
"Director of Special Projects, Architecture + Store Design",aloyoga,greenhouse,"Beverly Hills, California, United States",Store Development,Beverly Hills,,https://boards.greenhouse.io/aloyoga/jobs/5721861004?gh_jid=5721861004
Business Operations,alphagrepsecurities,greenhouse,"Shanghai, China",Operations,AlphaGrep - China,,https://job-boards.greenhouse.io/alphagrepsecurities/jobs/8452018002
"Senior Director of Strategic Initiatives, Global Markets",alphasense,greenhouse,"London, Greater London, England, United Kingdom",Finance,Remote - United Kingdom,,https://job-boards.greenhouse.io/alphasense/jobs/7979410002
Chief of Staff,alt,greenhouse,New York City ,People,Remote,,https://job-boards.greenhouse.io/alt/jobs/7595398003
"Strategy and Operations Manager / Senior Manager,  Institute of Computation (12 month contract)",altoslabs,greenhouse,"San Francisco Bay Area, CA;San Diego, CA",Institute of Computation,"Bay Area, California",,https://job-boards.greenhouse.io/altoslabs/jobs/5811925004
AI Associate to the CEO,alumniventures,greenhouse,"Manchester, New Hampshire, USA",Office of the CEO,Manchester Office,,https://job-boards.greenhouse.io/alumniventures/jobs/4114158009
Strategy & Operations,amaehealth,greenhouse,"San Francisco, CA",Central Operations,San Francisco,,https://job-boards.greenhouse.io/amaehealth/jobs/4077449009
Anaplan Model Builder,anaplan,greenhouse,"Gurugram, India",Business Operations ,Gurugram - Office,,https://job-boards.greenhouse.io/anaplan/jobs/8388068002
Anaplan Model Builder,anaplan,greenhouse,"Gurugram, India",Business Operations ,Gurugram - Office,,https://job-boards.greenhouse.io/anaplan/jobs/8365829002
Anaplan Solution Architect,anaplan,greenhouse,"Remote-Texas, United States",Business Operations ,Texas - Remote,,https://job-boards.greenhouse.io/anaplan/jobs/8414839002
"Business Operations Analyst, Air Dominance & Strike",andurilindustries,greenhouse,"Costa Mesa, California, United States",Air Dominance & Strike : Air Dominance & Strike Engineering : Business Operations,"Costa Mesa, CA (HQ)",,https://boards.greenhouse.io/andurilindustries/jobs/5022015007?gh_jid=5022015007
Business Operations Associate,andurilindustries,greenhouse,"Costa Mesa, California, United States",Corporate Technology : Business Operations ,"Costa Mesa, CA (HQ)",,https://boards.greenhouse.io/andurilindustries/jobs/4951316007?gh_jid=4951316007
Business Operations Associate - Technical Projects,andurilindustries,greenhouse,"Costa Mesa, California, United States",Corporate Technology : Business Operations ,"Costa Mesa, CA (HQ)",,https://boards.greenhouse.io/andurilindustries/jobs/4951318007?gh_jid=4951318007
"Business Operations Associate, Production",andurilindustries,greenhouse,"Costa Mesa, California, United States",Manufacturing : Manufacturing ,"Costa Mesa, CA (HQ)",,https://boards.greenhouse.io/andurilindustries/jobs/4619191007?gh_jid=4619191007
"Business Operations Engineer, Air Dominance & Strike ",andurilindustries,greenhouse,"Costa Mesa, California, United States",Air Dominance & Strike : Air Dominance & Strike Engineering : Business Operations,"Costa Mesa, CA (HQ)",,https://boards.greenhouse.io/andurilindustries/jobs/5019247007?gh_jid=5019247007
Business Operations Lead,andurilindustries,greenhouse,"Costa Mesa, California, United States",Corporate Technology : Business Operations ,"Costa Mesa, CA (HQ)",,https://boards.greenhouse.io/andurilindustries/jobs/4951325007?gh_jid=4951325007
"Business Operations Manager, Intelligence Systems",andurilindustries,greenhouse,"Reston, Virginia, United States",AFS : Intelligence Systems Engineering : Software - Intelligence Systems,"Reston, VA (NOVA)",,https://boards.greenhouse.io/andurilindustries/jobs/5043844007?gh_jid=5043844007
"Business Operations, Air Dominance and Strike ",andurilindustries,greenhouse,"Costa Mesa, California, United States",Air Dominance & Strike : Air Dominance & Strike Engineering : Business Operations,"Costa Mesa, CA (HQ)",,https://boards.greenhouse.io/andurilindustries/jobs/5050522007?gh_jid=5050522007
"Business Operations, Production",andurilindustries,greenhouse,"Costa Mesa, California, United States",Manufacturing : Manufacturing ,"Costa Mesa, CA (HQ)",,https://boards.greenhouse.io/andurilindustries/jobs/4925945007?gh_jid=4925945007
"Chief of Staff, Air Dominance & Strike ",andurilindustries,greenhouse,"Costa Mesa, California, United States",Air Dominance & Strike : Air Dominance & Strike Engineering : Chief Engineering,"Costa Mesa, CA (HQ)",,https://boards.greenhouse.io/andurilindustries/jobs/4841348007?gh_jid=4841348007
"Chief of Staff, Design",andurilindustries,greenhouse,"Costa Mesa, California, United States",Sales and Marketing : Design : Design,"Costa Mesa, CA (HQ)",,https://boards.greenhouse.io/andurilindustries/jobs/4740150007?gh_jid=4740150007
"Chief of Staff, Tactical Recon & Strike",andurilindustries,greenhouse,"Costa Mesa, California, United States",Tactical Recon & Strike,"Costa Mesa, CA (HQ)",,https://boards.greenhouse.io/andurilindustries/jobs/5068434007?gh_jid=5068434007
"Director of Operations, Air Dominance & Strike",andurilindustries,greenhouse,"Costa Mesa, California, United States",Air Dominance & Strike : Air Dominance & Strike Engineering : Business Operations,"Costa Mesa, CA (HQ)",,https://boards.greenhouse.io/andurilindustries/jobs/5006440007?gh_jid=5006440007
Division Operations Lead,andurilindustries,greenhouse,"Abu Dhabi, United Arab Emirates",Maritime & Maneuver Dominance : Maneuver Dominance Engineering : Business Operations,"Abu Dhabi, UAE",,https://boards.greenhouse.io/andurilindustries/jobs/5046467007?gh_jid=5046467007
"Facilities Strategy and Operations, Air Dominance & Strike",andurilindustries,greenhouse,"Costa Mesa, California, United States",Air Dominance & Strike : Air Dominance & Strike Engineering : Business Operations,"Costa Mesa, CA (HQ)",,https://boards.greenhouse.io/andurilindustries/jobs/4776749007?gh_jid=4776749007
"Operations Lead, Space",andurilindustries,greenhouse,"Costa Mesa, California, United States; Washington, District of Columbia, United States",AFS : Space Engineering : Business Operations,"Washington, DC (999)",,https://boards.greenhouse.io/andurilindustries/jobs/5024877007?gh_jid=5024877007
"Revenue Operations and Strategic Planning, Air Dominance & Strike",andurilindustries,greenhouse,"Costa Mesa, California, United States",Air Dominance & Strike : Air Dominance & Strike Engineering : Business Operations,"Costa Mesa, CA (HQ)",,https://boards.greenhouse.io/andurilindustries/jobs/5022522007?gh_jid=5022522007
Senior Analytics Engineer,andurilindustries,greenhouse,"Costa Mesa, California, United States",Business Operations : Business Operations : Analytics,"Costa Mesa, CA (HQ)",,https://boards.greenhouse.io/andurilindustries/jobs/4743827007?gh_jid=4743827007
"Senior Business Operations Engineer, Air Dominance & Strike ",andurilindustries,greenhouse,"Costa Mesa, California, United States",Air Dominance & Strike : Air Dominance & Strike Engineering : Business Operations,"Costa Mesa, CA (HQ)",,https://boards.greenhouse.io/andurilindustries/jobs/5038166007?gh_jid=5038166007
Senior Data Engineer,andurilindustries,greenhouse,"Costa Mesa, California, United States",Business Operations : Business Operations : Analytics,"Costa Mesa, CA (HQ)",,https://boards.greenhouse.io/andurilindustries/jobs/4587312007?gh_jid=4587312007
"Senior Software Engineer, Data & Analytics",andurilindustries,greenhouse,"Costa Mesa, California, United States",Business Operations : Business Operations : Analytics,"Costa Mesa, CA (HQ)",,https://boards.greenhouse.io/andurilindustries/jobs/4874833007?gh_jid=4874833007
"Senior Software Engineer, Data Platform",andurilindustries,greenhouse,"Costa Mesa, California, United States",Business Operations : Business Operations : Analytics,"Costa Mesa, CA (HQ)",,https://boards.greenhouse.io/andurilindustries/jobs/5000092007?gh_jid=5000092007
"Spacecraft Mission Operations Engineer, Space",andurilindustries,greenhouse,"Costa Mesa, California, United States",AFS : Space Engineering : Business Operations,"Costa Mesa, CA (HQ)",,https://boards.greenhouse.io/andurilindustries/jobs/5034120007?gh_jid=5034120007
"Special Projects Senior Manager, Air Defense",andurilindustries,greenhouse,"Irvine, California, United States",AFS : Air Defense Engineering : Mission Operations,"Irvine, CA (22M)",,https://boards.greenhouse.io/andurilindustries/jobs/5056036007?gh_jid=5056036007
"Strategic Operations, M&A",andurilindustries,greenhouse,"Costa Mesa, California, United States",Corporate Technology : Strategic Operations : Strategic Operations,"Costa Mesa, CA (HQ)",,https://boards.greenhouse.io/andurilindustries/jobs/5057456007?gh_jid=5057456007
"Strategy & Operations, Capital Projects",andurilindustries,greenhouse,"Costa Mesa, California, United States",Core Operations : Facilities : Core Operations,"Costa Mesa, CA (HQ)",,https://boards.greenhouse.io/andurilindustries/jobs/5029465007?gh_jid=5029465007
Compute Capacity Strategy & Operations,anthropic,greenhouse,"San Francisco, CA | New York City, NY",Compute,"San Francisco, CA",,https://job-boards.greenhouse.io/anthropic/jobs/5068424008
GTM Strategy & Operations (Industries) - EMEA,anthropic,greenhouse,"London, UK",Sales,"London, UK",,https://job-boards.greenhouse.io/anthropic/jobs/5005519008
Sales Strategy & Operations - DACH,anthropic,greenhouse,"Munich, Germany",Sales,"Munich, Germany",,https://job-boards.greenhouse.io/anthropic/jobs/5130368008
GTM Strategy & Operations Manager - Analytics & Intelligence,apolloio,greenhouse,"Remote, United States",Revenue,Remote - Canada,,https://job-boards.greenhouse.io/apolloio/jobs/5762733004
GTM Strategy & Operations Manager - Analytics & Intelligence,apolloio,greenhouse,"Remote, Canada",Revenue,Remote - Canada,,https://job-boards.greenhouse.io/apolloio/jobs/5762734004
Associate Consultant Intern,appian,greenhouse,"McLean, Virginia",Customer Success - Strategic Operations,Appian Corporation - US,,https://job-boards.greenhouse.io/appian/jobs/7326021
Career Manager,appian,greenhouse,"Sydney, Australia",Customer Success - Strategic Operations,Appian Corporation - APJ,,https://job-boards.greenhouse.io/appian/jobs/6901197
"Sr Director of Pricing and Strategic Operations, Taiwan",appier,greenhouse,"Taipei, Taiwan",Corporate Strategy and Development,"Taipei, Taiwan",,https://job-boards.greenhouse.io/appier/jobs/7185407
Special Projects Associate,appliedintuition,greenhouse,"Sunnyvale, California, United States",Business Development,Sunnyvale,,https://boards.greenhouse.io/appliedintuition/jobs/4659537005?gh_jid=4659537005
"Business Operations, Strategy & Product Analyst",applovin,greenhouse,Toronto,Business Operations - Apps,Toronto,,https://boards.greenhouse.io/applovin/jobs/4660609006?gh_jid=4660609006
"Manager, Business Development",applovin,greenhouse,"Los Angeles/Santa Monica, CA",Business Operations - eCommerce,Remote - United States,,https://boards.greenhouse.io/applovin/jobs/4657264006?gh_jid=4657264006
"Chief of Staff @ CueBox, Performing Arts Software Startup",applytocuebox,greenhouse,New York City,CueBox,,,https://job-boards.greenhouse.io/applytocuebox/jobs/5435230004
Director of Business Development,aquia,greenhouse,U.S. - Remote,Business Operations,United States - Remote,,https://job-boards.greenhouse.io/aquia/jobs/5057253008
Staff Survivability/Operations Analysis Engineer,archer56,greenhouse,"Remote; San Jose, California, United States",Special Projects Group,HQ (190 Tasman),,https://job-boards.greenhouse.io/archer56/jobs/6524165003
Staff Technical Program Manager,archer56,greenhouse,"San Jose, California, United States",Special Projects Group,HQ (190 Tasman),,https://job-boards.greenhouse.io/archer56/jobs/7650036003
Chief of Staff,arine,greenhouse,"San Francisco, CA (Hybrid)",Office of the CEO,Arine HQ,,https://job-boards.greenhouse.io/arine/jobs/5737836004
Executive Assistant,arine,greenhouse,"San Francisco, CA (Hybrid)",Office of the CEO,Arine HQ,,https://job-boards.greenhouse.io/arine/jobs/5737859004
"Manager, Hardware Sourcing ",asteralabs,greenhouse,"Suzhou, China",Business Operations,"Suzhou, China",,https://job-boards.greenhouse.io/asteralabs/jobs/4652615005
Production Planner ,asteralabs,greenhouse,"Taipei, Taiwan",Business Operations,"Taipei, Taiwan",,https://job-boards.greenhouse.io/asteralabs/jobs/4649966005
Senior Hardware NPI Planner,asteralabs,greenhouse,"San Jose, CA",Business Operations,"San Jose, CA",,https://job-boards.greenhouse.io/asteralabs/jobs/4666996005
Senior Power BI Developer,asteralabs,greenhouse,"San Jose, CA",Business Operations,"San Jose, CA",,https://job-boards.greenhouse.io/asteralabs/jobs/4668746005
Senior Principal Category Sourcing Manager – Corporate Services & Operations,asteralabs,greenhouse,"San Jose, CA",Business Operations,"San Jose, CA",,https://job-boards.greenhouse.io/asteralabs/jobs/4616287005
Senior Production Planner,asteralabs,greenhouse,"Suzhou, China",Business Operations,"Suzhou, China",,https://job-boards.greenhouse.io/asteralabs/jobs/4634965005
Technical Chief of Staff for ASIC Engineering,asteralabs,greenhouse,"San Jose, CA",ASIC Engineering,"San Jose, CA",,https://job-boards.greenhouse.io/asteralabs/jobs/4632063005
Recruiting Coordination Associate (Spring 2026),astranis,greenhouse,San Francisco,Business Operations Internships,San Francisco,,https://job-boards.greenhouse.io/astranis/jobs/4609435006
AI Ops Manager - New York,automatticcareers,greenhouse,New York City,Business Operations Wrangler,Architecture,,https://job-boards.greenhouse.io/automatticcareers/jobs/7558661
"Product Operations Manager, Jetpack",automatticcareers,greenhouse,Remote,Business Operations Wrangler,Product Maisons,,https://job-boards.greenhouse.io/automatticcareers/jobs/7519012
Senior Revenue Operations Manager,automatticcareers,greenhouse,Remote,Business Operations Wrangler,Product Maisons,,https://job-boards.greenhouse.io/automatticcareers/jobs/7475345
"Technical Account Manager, Automattic Special Projects Team",automatticcareers,greenhouse,Remote,Technical Account Manager,Customer-Centric Operations,,https://job-boards.greenhouse.io/automatticcareers/jobs/6458591
"Director, Enterprise Business Operations  ",axon,greenhouse,"Atlanta, Georgia, United States; Scottsdale, Arizona, United States",3004 Sales Enterprise / Commercial,Arizona-HQ,,https://job-boards.greenhouse.io/axon/jobs/7552514003
"Director, Enterprise Business Operations  ",axon,greenhouse,"Denver, Colorado, United States",3004 Sales Enterprise / Commercial,Arizona-HQ,,https://job-boards.greenhouse.io/axon/jobs/7595686003
"Director, Enterprise Business Operations  ",axon,greenhouse,"New York, New York, United States",3004 Sales Enterprise / Commercial,Arizona-HQ,,https://job-boards.greenhouse.io/axon/jobs/7595683003
"Director, Enterprise Business Operations  ",axon,greenhouse,"Seattle, Washington, United States",3004 Sales Enterprise / Commercial,Arizona-HQ,,https://job-boards.greenhouse.io/axon/jobs/7595682003
"Director, Enterprise Business Operations  ",axon,greenhouse,"Boston, Massachusetts, United States",3004 Sales Enterprise / Commercial,Arizona-HQ,,https://job-boards.greenhouse.io/axon/jobs/7595675003
"Director, Enterprise Business Operations  ",axon,greenhouse,"San Francisco, California, United States",3004 Sales Enterprise / Commercial,Arizona-HQ,,https://job-boards.greenhouse.io/axon/jobs/7595674003
Chief of Staff to CFO/COO,babylist,greenhouse,"Emeryville, CA",General & Administrative,Remote,,https://job-boards.greenhouse.io/babylist/jobs/5690329004
Executive Leadership Program - Chief of Staff,banyansoftware,greenhouse,United States,Operating Partners,Remote - USA,,https://job-boards.greenhouse.io/banyansoftware/jobs/4980694007
Executive Leadership Programme - Chief of Staff (Europe),banyansoftware,greenhouse,Denmark; Netherlands; Sweden,Executive Team,"Amsterdam, Netherlands",,https://job-boards.greenhouse.io/banyansoftware/jobs/5012912007
Business Operations Analyst,baselayer,greenhouse,New York,Operations & Finance,New York,,https://job-boards.greenhouse.io/baselayer/jobs/5148935008
Strategy & Operations Analyst,beyondfinance,greenhouse,"Chicago, IL",Strategy & Operations,"Chicago, IL",,https://job-boards.greenhouse.io/beyondfinance/jobs/6961066
Strategy & Operations Associate,beyondfinance,greenhouse,"Chicago, IL",Strategy & Operations,"Chicago, IL",,https://job-boards.greenhouse.io/beyondfinance/jobs/6961384
Strategy & Operations Manager,beyondfinance,greenhouse,"Chicago, IL",Strategy & Operations,"Chicago, IL",,https://job-boards.greenhouse.io/beyondfinance/jobs/6961473
Marketing Operations Manager,bigid,greenhouse,Remote - US,Business Operations ,USA (Remote),,https://bigid.com/company/careers/job-details/8233854002?gh_jid=8233854002
Proposal Contractor,bigid,greenhouse,Atlanta ,Business Operations ,USA (Remote),,https://bigid.com/company/careers/job-details/8425813002?gh_jid=8425813002
"Senior Staff, Strategic Initiatives",billcom,greenhouse,United States,Product,"Draper, UT",,https://www.bill.com/job?5824352004&gh_jid=5824352004
"Senior Staff, Strategy & Operations",billcom,greenhouse,United States,Product,United States,,https://www.bill.com/job?5710117004&gh_jid=5710117004
"Strategy and Operations, Director",billcom,greenhouse,United States,Product,"Draper, UT",,https://www.bill.com/job?5671276004&gh_jid=5671276004
Chief of Staff,blankstreet,greenhouse,New York City,Business Operations & Strategy,New York,,https://job-boards.greenhouse.io/blankstreet/jobs/7621264003
Global Head of Central Operations,blankstreet,greenhouse,"New York City, NY",Business Operations & Strategy,New York,,https://job-boards.greenhouse.io/blankstreet/jobs/7631210003
Global Head of Central Operations,blankstreet,greenhouse,"London, UK",Business Operations & Strategy,UK,,https://job-boards.greenhouse.io/blankstreet/jobs/7631169003
Strategy & Business Operations Senior Associate | New York City,blankstreet,greenhouse,"New York City, US",Business Operations & Strategy,New York,,https://job-boards.greenhouse.io/blankstreet/jobs/6658566003
Principal Revenue Strategy & Operations Manager,bloomreach,greenhouse,United Kingdom,Revenue,United Kingdom,,https://job-boards.greenhouse.io/bloomreach/jobs/7602837
"Data Analyst and SETA Technical Support SME – Undersea Warfare (USW), Top Secret",blueskyinnovators,greenhouse,"Chantilly, VA",Intelligence and Strategic Initiatives Sector,"Chantilly, VA",,https://job-boards.greenhouse.io/blueskyinnovators/jobs/5134265008
"Senior Systems Engineer, TS/SCI with Poly",blueskyinnovators,greenhouse,"Chantilly, VA",Intelligence and Strategic Initiatives Sector,"Chantilly, VA",,https://job-boards.greenhouse.io/blueskyinnovators/jobs/4579601008
"Software Engineer-Data Engineer, TS/SCI with Poly",blueskyinnovators,greenhouse,"Reston, VA",Intelligence and Strategic Initiatives Sector,"Chantilly, VA",,https://job-boards.greenhouse.io/blueskyinnovators/jobs/4579745008
"Subject Matter Expert (SME), TS/SCI",blueskyinnovators,greenhouse,"Arlington, VA or Chantilly, VA",Intelligence and Strategic Initiatives Sector,"Chantilly, VA",,https://job-boards.greenhouse.io/blueskyinnovators/jobs/5024394008
"Subject Matter Expert (SME)-SCO SETA, Top Secret Clearance",blueskyinnovators,greenhouse,"Chantilly, VA",Intelligence and Strategic Initiatives Sector,"Chantilly, VA",,https://job-boards.greenhouse.io/blueskyinnovators/jobs/5105283008
" BizOps Lead, BD",brex,greenhouse,"San Francisco, California, United States",Operations,"San Francisco, CA",,https://www.brex.com/careers/8362761002?gh_jid=8362761002
"BizOps Lead, BD",brex,greenhouse,"Vancouver, British Columbia, Canada",Operations,"San Francisco, CA",,https://www.brex.com/careers/8367081002?gh_jid=8367081002
"BizOps Lead, BD",brex,greenhouse,"Salt Lake City, Utah, United States",Operations,"San Francisco, CA",,https://www.brex.com/careers/8366671002?gh_jid=8366671002
"BizOps Lead, BD",brex,greenhouse,"Seattle, Washington, United States",Operations,"San Francisco, CA",,https://www.brex.com/careers/8366663002?gh_jid=8366663002
"BizOps Lead, BD",brex,greenhouse,"New York, New York, United States",Operations,"San Francisco, CA",,https://www.brex.com/careers/8366662002?gh_jid=8366662002
Chief of Staff to CEO of BridgeBio and GondolaBio,bridgebio,greenhouse,Palo Alto - 3160 Porter,Management,Palo Alto - 3160 Porter,,https://job-boards.greenhouse.io/bridgebio/jobs/5067375007
Sr. Manager Clinical Outsourcing ,bridgebio,greenhouse," San Francisco, CA/Hybrid",Clinical Development Business Operations,Remote - USA,,https://job-boards.greenhouse.io/bridgebio/jobs/5048001007
"Director, Business Operations (Product Lifecycle & Go-To Market)",brooklinen,greenhouse,"New York, New York","Design, Product Development, Merchandising",New York HQ,,https://job-boards.greenhouse.io/brooklinen/jobs/7691990
Business Operations & Strategy Manager,bvnk,greenhouse,London,BVNK - Operations,United Kingdom,,https://job-boards.eu.greenhouse.io/bvnk/jobs/4798814101
Strategic Operations Analyst,capitalrx,greenhouse,"New York, New York, United States",Technology,"New York, NY",,https://job-boards.greenhouse.io/capitalrx/jobs/5122733008
Praktikant -  Strategic Operations ,caronsale,greenhouse,Berlin,Praktikanten/ Internships,Berlin,,https://job-boards.eu.greenhouse.io/caronsale/jobs/4772983101
GTM Strategy and Ops Associate,carta,greenhouse,Singapore,Sales Strategy & Operations,Singapore,,https://job-boards.greenhouse.io/carta/jobs/7614416003
"Senior Program Manager, Account Management Strategy & Operations",carta,greenhouse,"New York, NY",Business Systems,New York,,https://job-boards.greenhouse.io/carta/jobs/7614162003
Strategy & BizOps Intern,carta,greenhouse,Singapore,Strategy & Business Operations,Singapore,,https://job-boards.greenhouse.io/carta/jobs/7497885003
Chief of Staff - Samlino Group,ceg,greenhouse,"Copenhagen, Denmark; Lisbon, Portugal",Management,Samlino Group,,https://job-boards.greenhouse.io/ceg/jobs/7649099003
Chief of Staff - Samlino Group,ceg,greenhouse,"Lisbon, Portugal",Operations,Samlino Group,,https://job-boards.greenhouse.io/ceg/jobs/7649036003
Analytics Engineer,celigo,greenhouse,Hyderabad,G&A: Business Operations,India,,https://job-boards.greenhouse.io/celigo/jobs/7661316
Analytics Engineer,celigo,greenhouse,Hyderabad,G&A: Business Operations,India,,https://job-boards.greenhouse.io/celigo/jobs/7704759
Business Systems Engineer - Dev/QA,celigo,greenhouse,"Hyderabad, India",G&A: Business Operations,India,,https://job-boards.greenhouse.io/celigo/jobs/7270158
"Manager, NAM Revenue Operations",celonis,greenhouse,"Raleigh, US, North Carolina",Business Operations,"Raleigh, US, North Carolina",,https://job-boards.greenhouse.io/celonis/jobs/7578487003?gh_jid=7578487003
"Senior Manager, EMEA Value Engineering Strategy & Operations",celonis,greenhouse,"London, United Kingdom",Corporate,"London, United Kingdom",,https://job-boards.greenhouse.io/celonis/jobs/7645740003?gh_jid=7645740003
Commercial Strategy & Operations Director (Hybrid),ceribell,greenhouse,"Sunnyvale, CA",Medical & Strategy,Sunnyvale - HQ,,https://job-boards.greenhouse.io/ceribell/jobs/5821987004
Commercial Strategy & Operations Director (Hybrid),ceribell,greenhouse,"Sunnyvale, CA",Medical & Strategy,Sunnyvale - HQ,,https://job-boards.greenhouse.io/ceribell/jobs/5819494004
Global Business Operations Internship at CFO Insights,cfoinsights,greenhouse,"London, United Kingdom",Marketing,United Media,,https://job-boards.greenhouse.io/cfoinsights/jobs/5924587003
Capture Strategist - U.S. Air Force,chaosindustries,greenhouse,"Washington, District of Columbia, United States",Business Operations ,Washington D.C.,,https://job-boards.greenhouse.io/chaosindustries/jobs/5029633007
Capture Strategist - U.S. Army,chaosindustries,greenhouse,"Washington, District of Columbia, United States",Business Operations ,Washington D.C.,,https://job-boards.greenhouse.io/chaosindustries/jobs/5029631007
Cost Accounting Manager,chaosindustries,greenhouse,"Hawthorne, California, United States",Business Operations ,"Los Angeles, CA",,https://job-boards.greenhouse.io/chaosindustries/jobs/5060055007
Future Capabilities Capture Manager,chaosindustries,greenhouse,"Washington, District of Columbia, United States",Business Operations ,Washington D.C.,,https://job-boards.greenhouse.io/chaosindustries/jobs/5043518007
Growth Lead - US Federal Agencies,chaosindustries,greenhouse,"Washington, District of Columbia, United States",Business Operations ,Washington D.C.,,https://job-boards.greenhouse.io/chaosindustries/jobs/5010611007
IT Support Specialist,chaosindustries,greenhouse,"Washington, District of Columbia, United States",Business Operations ,Washington D.C.,,https://job-boards.greenhouse.io/chaosindustries/jobs/5058388007
Recruiting Coordinator,chaosindustries,greenhouse,"Hawthorne, California, United States",Business Operations ,"Los Angeles, CA",,https://job-boards.greenhouse.io/chaosindustries/jobs/4976433007
Senior Supply Chain Procurement Buyer,chaosindustries,greenhouse,"Hawthorne, California, United States",Business Operations ,"Los Angeles, CA",,https://job-boards.greenhouse.io/chaosindustries/jobs/5059487007
Supply Chain Buyer,chaosindustries,greenhouse,"Hawthorne, California, United States",Business Operations ,"Los Angeles, CA",,https://job-boards.greenhouse.io/chaosindustries/jobs/5059481007
Technical Operations Engineer,chaosindustries,greenhouse,"Washington, District of Columbia, United States",Business Operations ,"Los Angeles, CA",,https://job-boards.greenhouse.io/chaosindustries/jobs/4991010007
Technical Operations Engineer,chaosindustries,greenhouse,"Hawthorne, California, United States",Business Operations ,"Los Angeles, CA",,https://job-boards.greenhouse.io/chaosindustries/jobs/4991007007
Technical Recruiter,chaosindustries,greenhouse,"Hawthorne, California, United States",Business Operations ,"Los Angeles, CA",,https://job-boards.greenhouse.io/chaosindustries/jobs/5040517007
"AI Platform Engineer, Applied AI",circleso,greenhouse,Remote,Special Projects,,,https://job-boards.greenhouse.io/circleso/jobs/5102925008
"Senior Full-Stack Software Engineer, Applied AI",circleso,greenhouse,Remote,Special Projects,,,https://job-boards.greenhouse.io/circleso/jobs/5112809008
"Chief of Staff, Office of the President",clear,greenhouse,"New York, New York, United States",People,NYHQ,,https://job-boards.greenhouse.io/clear/jobs/7665035
Principal Technical Engagement Manager  ,cloudflare,greenhouse,Hybrid,Special Projects,AMER,,https://boards.greenhouse.io/cloudflare/jobs/6725818?gh_jid=6725818
Strategy and M&A Lead,cloudflare,greenhouse,Hybrid,Special Projects,AMER,,https://boards.greenhouse.io/cloudflare/jobs/7138086?gh_jid=7138086
Strategy & Operations Manager,clutch,greenhouse,"Toronto, Ontario, Canada",Marketplace Supply,Toronto (HQ),,https://job-boards.greenhouse.io/clutch/jobs/5792377004
Strategy & Operations Manager (Business Operations),clutch,greenhouse,"Toronto, Ontario, Canada",Operations,Toronto (HQ),,https://job-boards.greenhouse.io/clutch/jobs/5271249004
"Strategy & Operations, Senior Manager",clutch,greenhouse,"Toronto, Ontario, Canada",Marketplace Supply,Toronto (HQ),,https://job-boards.greenhouse.io/clutch/jobs/5792372004
Capacity Program Manager,coalition,greenhouse,"Any location, Canada",Special Projects,United States - Remote,,https://www.coalitioninc.com/job-posting?gh_jid=4616301005
Capacity Program Manager,coalition,greenhouse,"Any location, United States",Special Projects,United States - Remote,,https://www.coalitioninc.com/job-posting?gh_jid=4508205005
Strategic Operations Analyst,coherehealth,greenhouse,United States,Strategic Operations,United States,,https://job-boards.greenhouse.io/coherehealth/jobs/7575264003
Response Co-ordinator (Operations Center Hereford),concentric,greenhouse,"Hereford, England, United Kingdom ",SecOps Team,Special Projects and Services Limited,,https://job-boards.greenhouse.io/concentric/jobs/4575337006
"Senior Director, Product Strategy & Operations ",constantcontact,greenhouse,"Boston, MA",135 Product,Waltham,,https://job-boards.greenhouse.io/constantcontact/jobs/7601989
"Enablement Specialist (6 month Fixed Term Contract, London, Remote Based)",coursera,greenhouse,United Kingdom,Sales Strategy & Operations,United Kingdom,,https://job-boards.greenhouse.io/coursera/jobs/5698282004
Marketing Operations Process Manager (Delhi NCR),coursera,greenhouse,India,Marketing Strategy & Operations,India,,https://job-boards.greenhouse.io/coursera/jobs/5742043004
Deal Strategy & Operations Manager,cresta,greenhouse,"San Francisco, CA/ US,  Remote (PT Time Zone Only)",Sales,US (Remote),,https://job-boards.greenhouse.io/cresta/jobs/5096246008
Strategy & Business Operations Senior Associate,cultureamp,greenhouse,Melbourne,Org Admin,Melbourne,,https://job-boards.greenhouse.io/cultureamp/jobs/7385310
Corporate Counsel - EMEA,customerio,greenhouse,Remote,Business Operations,EMEA Remote,,https://job-boards.greenhouse.io/customerio/jobs/7543363
"Director, Information Technology",customerio,greenhouse,Americas Remote,Business Operations,USA Remote,,https://job-boards.greenhouse.io/customerio/jobs/7449779
Project Manager,customerio,greenhouse,Americas Remote,Business Operations,Americas Remote,,https://job-boards.greenhouse.io/customerio/jobs/7652551
"VP, Finance",customerio,greenhouse,Americas Remote,Business Operations,Americas Remote,,https://job-boards.greenhouse.io/customerio/jobs/7650969
Chief of Staff CVX Ventures,cvx,greenhouse,"Berlin, Germany",Management,CVX Ventures,,https://job-boards.greenhouse.io/cvx/jobs/6690262003
Chief of Staff CVX Ventures,cvx,greenhouse,"Amsterdam, Netherlands",Management,CVX Ventures,,https://job-boards.greenhouse.io/cvx/jobs/6690263003
Chief of Staff CVX Ventures,cvx,greenhouse,"London, United Kingdom",Management,CVX Ventures,,https://job-boards.greenhouse.io/cvx/jobs/6690261003
Chief of Staff CVX Ventures,cvx,greenhouse,"Stockholm, Sweden",Management,CVX Ventures,,https://job-boards.greenhouse.io/cvx/jobs/6690264003
Chief of Staff CVX Ventures Denmark,cvx,greenhouse,"Copenhagen, Denmark",Management,CVX Denmark,,https://job-boards.greenhouse.io/cvx/jobs/6606439003
Sr Security Assurance Engineer - Special Projects,databricks,greenhouse,United States,Security,United States,,https://databricks.com/company/careers/open-positions/job?gh_jid=8430837002
Field Engineering Business Operations Lead,dbtlabsinc,greenhouse,US - Remote,GTM Operations,US - Remote,,https://job-boards.greenhouse.io/dbtlabsinc/jobs/4670020005
"Executive Business Partner, Office of the CEO",deepmind,greenhouse,"London, UK","Central Operations, Responsibility, and Engagement","London, UK",,https://job-boards.greenhouse.io/deepmind/jobs/7590880
"Portfolio Program Manager, Office of the CEO  ",deepmind,greenhouse,"London, UK","Central Operations, Responsibility, and Engagement","London, UK",,https://job-boards.greenhouse.io/deepmind/jobs/7682215
"Product Manager, Technical Intelligence, Google DeepMind",deepmind,greenhouse,"London, UK",Office of the CEO,"London, UK",,https://job-boards.greenhouse.io/deepmind/jobs/7522587
"Research Scientist, Strategic Initiatives, Multimedia ML",deepmind,greenhouse,"London, UK",Science,"London, UK",,https://job-boards.greenhouse.io/deepmind/jobs/7653585
"Strategy & Operations Senior Manager, Security & Risk Operations",deepmind,greenhouse,"Mountain View, California, US",GenAI,"Mountain View, California, US",,https://job-boards.greenhouse.io/deepmind/jobs/7528566
"Strategy and Special Projects, Office of the CEO ",deepmind,greenhouse,"London, UK","Central Operations, Responsibility, and Engagement","London, UK",,https://job-boards.greenhouse.io/deepmind/jobs/7679684
"Strategy and Special Projects, Office of the CEO - 12 Month Fixed Term Contract",deepmind,greenhouse,"London, UK","Central Operations, Responsibility, and Engagement","London, UK",,https://job-boards.greenhouse.io/deepmind/jobs/7679750
"Tech Strategy Director, Compute, Google DeepMind",deepmind,greenhouse,"Mountain View, California, US",Office of the CEO,"Mountain View, California, US",,https://job-boards.greenhouse.io/deepmind/jobs/7535866
"Tech Strategy Product Manager, Google DeepMind",deepmind,greenhouse,"Mountain View, California, US",Office of the CEO,"Mountain View, California, US",,https://job-boards.greenhouse.io/deepmind/jobs/7535915
Finance Director ,dforeferrals,greenhouse,"New York City, NY",OceanX Business Operations,OceanX,,https://job-boards.greenhouse.io/dforeferrals/jobs/5734952004
"Director, Business Operations",dialpad,greenhouse,"Tempe, US",525 - Sales Ops,USA-TX-Austin,,https://job-boards.greenhouse.io/dialpad/jobs/8439351002
"Director, Business Operations",dialpad,greenhouse,"Austin, US",525 - Sales Ops,USA-TX-Austin,,https://job-boards.greenhouse.io/dialpad/jobs/8436719002
Chief of Staff,diligentcorporation,greenhouse,"New York, New York, United States",Executive,New York,,https://job-boards.greenhouse.io/diligentcorporation/jobs/5766723004
Director Engineering Operations (Chief of Staff),diligentcorporation,greenhouse,"New York, New York, United States; Remote U.S; Washington, District of Columbia, United States",R&D,New York,,https://job-boards.greenhouse.io/diligentcorporation/jobs/5725510004
"Associate Manager, Consumer Strategy & Operations",doordashaustralia,greenhouse,"Sydney, NSW; Melbourne, VIC",614 Strategy & Operations,Melbourne,,https://job-boards.greenhouse.io/doordashaustralia/jobs/7572190
"Associate Manager, Strategy & Operations",doordashaustralia,greenhouse,"Sydney, NSW; Melbourne, VIC",641 Ads & Promotions Strategy,Melbourne,,https://job-boards.greenhouse.io/doordashaustralia/jobs/7583964
"Associate Manager, Strategy and Operations",doordashaustralia,greenhouse,"Sydney, NSW; Melbourne, VIC",614 Strategy & Operations,Sydney,,https://job-boards.greenhouse.io/doordashaustralia/jobs/7697754
"Director, Business Development and Partnerships",doordashaustralia,greenhouse,"Melbourne, VIC; Sydney, NSW",614 Strategy & Operations,Melbourne,,https://job-boards.greenhouse.io/doordashaustralia/jobs/7605197
"Senior Associate, Sales Strategy and Operations",doordashaustralia,greenhouse,"Melbourne, VIC; Sydney, NSW",536 Sales S&O,Melbourne,,https://job-boards.greenhouse.io/doordashaustralia/jobs/7669268
"Senior Associate, Strategy & Operations",doordashaustralia,greenhouse,"Sydney, NSW; Melbourne, VIC",614 Strategy & Operations,Melbourne,,https://job-boards.greenhouse.io/doordashaustralia/jobs/6805879
"Senior Associate, Strategy & Operations",doordashaustralia,greenhouse,"Auckland, New Zealand",541 Merchant Strategy and Operations,Auckland CBD,,https://job-boards.greenhouse.io/doordashaustralia/jobs/7584721
"Senior Associate, Strategy & Operations (New Verticals - International Growth)",doordashaustralia,greenhouse,"Sydney, NSW; Melbourne, VIC",632 New Business Verticals,Sydney,,https://job-boards.greenhouse.io/doordashaustralia/jobs/7300101
"Associate Manager, QA Strategy & Operations",doordashcanada,greenhouse,"Alberta, AB; Toronto, ON; Vancouver, BC",621 Support Management,Toronto,,https://job-boards.greenhouse.io/doordashcanada/jobs/7531384
"Associate Manager, Ads Platform Growth Efficiency - Strategy & Operations",doordashusa,greenhouse,"New York, NY; Chicago, IL; San Francisco, CA; Los Angeles, CA; Seattle, WA; Washington D.C.; Tempe, AZ",641 Ads & Promotions Strategy,San Francisco,,https://job-boards.greenhouse.io/doordashusa/jobs/7569624
"Associate Manager, DashMart - Category Strategy & Operations",doordashusa,greenhouse,"San Francisco, CA; Los Angeles, CA; Seattle, WA; Chicago, IL; Phoenix, AZ; Washington D.C.; New York, NY; United States - Remote",633 DashMart Strategy & Operations,San Francisco,,https://job-boards.greenhouse.io/doordashusa/jobs/7643064
"Associate Manager, DashMart - Product Operations",doordashusa,greenhouse,"San Francisco, CA; Los Angeles, CA; Seattle, WA; Denver, CO; Chicago, IL; Phoenix, AZ; Washington D.C.; New York, NY",633 DashMart Strategy & Operations,San Francisco,,https://job-boards.greenhouse.io/doordashusa/jobs/7593047
"Associate Manager, Financial Products - Strategy & Operations",doordashusa,greenhouse,"San Francisco, CA; Los Angeles, CA; Seattle, WA; Chicago, IL; Washington DC; New York, NY; Tempe, AZ ",641 Ads & Promotions Strategy,San Francisco,,https://job-boards.greenhouse.io/doordashusa/jobs/7644867
"Associate Manager, Integrations Strategy & Operations ",doordashusa,greenhouse,"New York, NY; Atlanta, GA; San Francisco, CA; Phoenix, AZ",542 Partner Integrations,San Francisco,,https://job-boards.greenhouse.io/doordashusa/jobs/7580094
"Associate Manager, Marketplace - DashPass Strategy & Operations",doordashusa,greenhouse,"San Francisco, CA; New York, NY; Seattle, WA; Miami, FL; Los Angeles, CA; Denver, CO; Washington, DC; Tempe, AZ; Chicago, IL",614 Strategy & Operations,New York,,https://job-boards.greenhouse.io/doordashusa/jobs/7559338
"Associate Manager, Marketplace - Restaurant Growth Strategy & Operations",doordashusa,greenhouse,"New York, NY",614 Strategy & Operations,New York,,https://job-boards.greenhouse.io/doordashusa/jobs/7661657
"Associate Manager, Merchant Quality Strategy & Operations",doordashusa,greenhouse,"New York, NY; San Francisco, CA; Chicago, IL; Seattle, WA; Atlanta, GA; Austin, TX; Denver, CO",541 Merchant Strategy and Operations,New York,,https://job-boards.greenhouse.io/doordashusa/jobs/7590262
"Associate Manager, New Verticals - Drive Strategy & Operations",doordashusa,greenhouse,"New York, NY; Los Angeles, CA; Seattle, WA; San Francisco, CA; Washington D.C.; Chicago, IL; Tempe, AZ",613 Platform Operations,San Francisco,,https://job-boards.greenhouse.io/doordashusa/jobs/7579866
"Associate Manager, New Verticals - Search Experience Strategy & Operations",doordashusa,greenhouse,"New York City, NY; San Francisco, CA; Chicago, IL; Seattle, WA; Los Angeles, CA; Washington, DC; Phoenix, AZ",632 New Business Verticals,San Francisco,,https://job-boards.greenhouse.io/doordashusa/jobs/7517616
"Associate Manager, New Verticals Strategy & Operations — Consumer Fintech",doordashusa,greenhouse,"New York, NY; San Francisco, CA; Chicago, IL; Seattle, WA; Los Angeles, CA; Washington D.C.",632 New Business Verticals,New York,,https://job-boards.greenhouse.io/doordashusa/jobs/7663723
"Associate Manager, Sales Strategy & Operations",doordashusa,greenhouse,"Atlanta, GA; Austin, TX; Boston, MA; Chicago, IL; Denver, CO; Los Angeles, CA; New York, NY; Tempe, AZ; San Francisco, CA; Seattle, WA; Washington D.C.",536 Sales S&O,New York,,https://job-boards.greenhouse.io/doordashusa/jobs/7689378
"Associate Manager, Strategic Accounts - Strategy & Operations",doordashusa,greenhouse,"Chicago, IL; Los Angeles, CA; New York, NY; Tempe, AZ; San Francisco, CA; Seattle, WA; Washington D.C.",641 Ads & Promotions Strategy,San Francisco,,https://job-boards.greenhouse.io/doordashusa/jobs/7600598
"Associate Manager, Strategy & Operations, Merchant Onboarding & Experience",doordashusa,greenhouse,"San Francisco, CA; New York, NY",531 Enterprise Outside Sales,San Francisco,,https://job-boards.greenhouse.io/doordashusa/jobs/7593178
"Associate, Commerce Platform Logistics - Strategy and Operations",doordashusa,greenhouse,"New York, NY; San Francisco, CA; Seattle, WA; Los Angeles, CA; Chicago, IL; Sunnyvale, CA; Washington D.C.; Phoenix, AZ",618 Logistics,New York,,https://job-boards.greenhouse.io/doordashusa/jobs/7561096
"Associate, Dasher & Logistics - Logistics Growth & Regulatory Compliance Strategy & Operations",doordashusa,greenhouse,"San Francisco, CA; Sunnyvale, CA; Los Angeles, CA; Seattle, WA; New York, NY; Washington, DC; Chicago, IL; Tempe, AZ; Denver, CO",618 Logistics,San Francisco,,https://job-boards.greenhouse.io/doordashusa/jobs/7550497
"Associate, Marketplace - Strategy & Operations ",doordashusa,greenhouse,"Miami, FL; San Juan, PR",614 Strategy & Operations,Miami,,https://job-boards.greenhouse.io/doordashusa/jobs/7516075
"Associate, New Verticals - Strategy & Operations",doordashusa,greenhouse,"New York, NY; San Francisco, CA",632 New Business Verticals,San Francisco,,https://job-boards.greenhouse.io/doordashusa/jobs/7525219
"Associate, New Verticals - Strategy & Operations",doordashusa,greenhouse,"New York, NY; San Francisco, CA; Seattle, WA; Los Angeles, CA; Chicago, IL; Tempe, AZ; Washington, DC",632 New Business Verticals,San Francisco,,https://job-boards.greenhouse.io/doordashusa/jobs/7367035
"Associate, Revenue Operations - Strategy & Operations",doordashusa,greenhouse,United States - Remote,413 In-Store Marketing,New York,,https://job-boards.greenhouse.io/doordashusa/jobs/7602081
"Associate, Strategy and Operations - Merchant Fraud",doordashusa,greenhouse,"Chicago,IL; Tempe, AZ; Austin, TX; Denver, CO; Philadelphia, PA; Miami, FL; Atlanta, GA",621 Support Management,Chicago,,https://job-boards.greenhouse.io/doordashusa/jobs/7684700
"Manager, DashMart - Growth Strategy& Operations",doordashusa,greenhouse,"New York, NY; San Francisco, CA; Seattle, WA; Los Angeles, CA; Chicago, IL",633 DashMart Strategy & Operations,San Francisco,,https://job-boards.greenhouse.io/doordashusa/jobs/7624611
"Manager, Marketplace, New Bets, Strategy & Operations",doordashusa,greenhouse,"New York, NY; San Francisco, CA; Los Angeles, CA; Seattle, WA; Washington D.C.; Chicago, IL",614 Strategy & Operations,San Francisco,,https://job-boards.greenhouse.io/doordashusa/jobs/6786292
"Manager, Merchant Strategy & Operations",doordashusa,greenhouse,"New York, NY; San Francisco, CA; Chicago, IL; Austin, TX; Denver, CO; Los Angeles, CA; Miami, FL; Seattle, WA",541 Merchant Strategy and Operations,San Francisco,,https://job-boards.greenhouse.io/doordashusa/jobs/7374400
"Manager, New Verticals - Gift Card Strategy & Operations",doordashusa,greenhouse,"New York, NY; San Francisco, CA; Los Angeles, CA; Seattle, WA; Washington, DC",632 New Business Verticals,San Francisco,,https://job-boards.greenhouse.io/doordashusa/jobs/7661816
"Manager, New Verticals - Retail Selection Strategy & Operations",doordashusa,greenhouse,"New York, NY; San Francisco, CA; Seattle, WA; Los Angeles, CA; Chicago, IL; Tempe, AZ; Washington D.C.",632 New Business Verticals,New York,,https://job-boards.greenhouse.io/doordashusa/jobs/7702372
"Manager, Sales Strategy & Operations, Commerce Platform",doordashusa,greenhouse,"New York, NY; Washington D.C.; Los Angeles, CA; San Francisco, CA; Chicago, IL; Denver, CO; Seattle, WA; United States - Remote",536 Sales S&O,New York,,https://job-boards.greenhouse.io/doordashusa/jobs/7545294
"Senior Analyst, Sales Strategy & Operations",doordashusa,greenhouse,"Chicago, IL; Los Angeles, CA; New York, NY; San Francisco, CA; Seattle, WA; Tempe, AZ; Washington, D.C.",536 Sales S&O,San Francisco,,https://job-boards.greenhouse.io/doordashusa/jobs/7524574
"Senior Associate, Commerce Platform, Growth & Quality - Strategy & Operations",doordashusa,greenhouse,"New York, NY; San Francisco, CA; Austin, TX; Los Angeles, CA; Seattle, WA; Denver, CO; Chicago, IL; Miami, FL; United States - Remote",613 Platform Operations,San Francisco,,https://job-boards.greenhouse.io/doordashusa/jobs/7528823
"Senior Associate, Dasher & Logistics - Live Operations Parcel Strategy & Operations",doordashusa,greenhouse,United States - Remote,618 Logistics,New York,,https://job-boards.greenhouse.io/doordashusa/jobs/7702008
"Senior Associate, Innovation & New Bets - Strategy & Operations",doordashusa,greenhouse,"New York, NY; Denver, CO; Los Angeles, CA; Chicago, IL; United States - Remote",613 Platform Operations,New York,,https://job-boards.greenhouse.io/doordashusa/jobs/7654723
"Senior Associate, Marketplace - DashPass Strategy & Operations",doordashusa,greenhouse,"San Francisco, CA; New York, NY; Seattle, WA; Miami, FL; Los Angeles, CA; Denver, CO; Washington, DC; Tempe, AZ; Chicago, IL",614 Strategy & Operations,New York,,https://job-boards.greenhouse.io/doordashusa/jobs/7559326
"Senior Associate, Marketplace - Restaurant Growth Strategy & Operations",doordashusa,greenhouse,"New York, NY; San Francisco, CA; Los Angeles, CA; Chicago, IL; Seattle, WA; Washington D.C.",614 Strategy & Operations,New York,,https://job-boards.greenhouse.io/doordashusa/jobs/7579976
"Senior Associate, Marketplace, Consumer Experience S&O",doordashusa,greenhouse,"New York, NY",614 Strategy & Operations,New York,,https://job-boards.greenhouse.io/doordashusa/jobs/7480878
"Senior Associate, Marketplace, Local Strategy & Operations",doordashusa,greenhouse,United States - Remote,614 Strategy & Operations,New York,,https://job-boards.greenhouse.io/doordashusa/jobs/7688277
"Senior Associate, Merchant Strategy & Operations",doordashusa,greenhouse,"New York, NY; San Francisco, CA; Chicago, IL; Austin, TX; Denver, CO; Los Angeles, CA; Miami, FL; Seattle, WA",541 Merchant Strategy and Operations,Chicago,,https://job-boards.greenhouse.io/doordashusa/jobs/7347172
"Senior Associate, New Verticals - Drive Strategy & Operations",doordashusa,greenhouse,"San Francisco, CA; New York, NY; Seattle, WA; Chicago, IL;  Los Angeles, CA; Tempe, AZ; Washington D.C.",613 Platform Operations,San Francisco,,https://job-boards.greenhouse.io/doordashusa/jobs/7680652
"Senior Associate, Strategy & Operations - Commerce Platform",doordashusa,greenhouse,"New York, NY; San Francisco, CA; Los Angeles, CA; Chicago, IL; Denver, CO",613 Platform Operations,New York,,https://job-boards.greenhouse.io/doordashusa/jobs/7612061
"Senior Manager - Marketplace, Texas Strategy & Operations",doordashusa,greenhouse,"Austin, TX; Dallas, TX; Fort Worth, TX; Houston, TX",614 Strategy & Operations,Austin,,https://job-boards.greenhouse.io/doordashusa/jobs/7555815
"Senior Manager, Consumer Experience S&O",doordashusa,greenhouse,"San Francisco, CA; New York, NY; Seattle, WA; United States - Remote",614 Strategy & Operations,San Francisco,,https://job-boards.greenhouse.io/doordashusa/jobs/7604521
"Senior Manager, DashPass Strategy & Operations",doordashusa,greenhouse,"Los Angeles, CA; San Francisco, CA; Seattle, WA; New York, NY",614 Strategy & Operations,New York,,https://job-boards.greenhouse.io/doordashusa/jobs/7590188
"Senior Manager, Restaurant Growth",doordashusa,greenhouse,"San Francisco, CA; New York, NY; Seattle, WA; Denver, CO; Chicago, IL; Austin, TX; Atlanta, GA; Boston, MA; Miami, FL",614 Strategy & Operations,San Francisco,,https://job-boards.greenhouse.io/doordashusa/jobs/7639415
"Sr. Manager, Digital Ordering - Strategy & Operations",doordashusa,greenhouse,"San Francisco, CA; New York, NY; Seattle, WA; Chicago, IL;  Los Angeles, CA; Tempe, AZ; Denver, CO; Boston, MA, Austin, TX, Portland,OR; Washington D.C.",613 Platform Operations,San Francisco,,https://job-boards.greenhouse.io/doordashusa/jobs/7670884
Chief of Staff (Remote),downingcapitalgroup,greenhouse,Brazil,Downing Capital Group,Downing Capital Group,,https://job-boards.greenhouse.io/downingcapitalgroup/jobs/4616229007
Senior Systems Engineer - Development Infrastructure,dragos,greenhouse,United States,Business Operations,Dragos USA,,https://job-boards.greenhouse.io/dragos/jobs/4986056008
Business Operations and Execution Analyst,drweng,greenhouse,Chicago,Project Management,Chicago,,https://job-boards.greenhouse.io/drweng/jobs/7568917
"Junior Strategy and Operations Analyst, Flow Macro (European Market Hours)",drweng,greenhouse,Montreal,EDT Flow,Montréal,,https://job-boards.greenhouse.io/drweng/jobs/7560394
"Vice President, Sales Strategy & Operations",elitetechnology,greenhouse,US - Remote,Sales Operations,US - Remote,,https://job-boards.greenhouse.io/elitetechnology/jobs/5141442008
"Data Analyst, Ad Buyer Insights",emarketer,greenhouse,"New York, New York, United States",• Strategy & Operations,EMARKETER - United States,,https://job-boards.greenhouse.io/emarketer/jobs/5778008004
"Senior Manager, Ad Buyer Insights",emarketer,greenhouse,"New York, New York, United States",• Strategy & Operations,EMARKETER - United States,,https://job-boards.greenhouse.io/emarketer/jobs/5795324004
Head of Partnerships,emergentlabsinc,greenhouse,San Francisco,Founder's Office ,San Francisco,,https://job-boards.greenhouse.io/emergentlabsinc/jobs/4108908009
Chief of Staff to CEO,employerdirecthealthcare,greenhouse,"Dallas, TX - Open to Remote with Travel to Dallas",Executive,"Dallas, TX - Open to Remote with Travel to Dallas",,https://job-boards.greenhouse.io/employerdirecthealthcare/jobs/4996893007
Senior Salesforce Health Cloud Administrator,employerdirecthealthcare,greenhouse,"Dallas, Texas, United States",Commercial Strategy & Operations,Dallas - Hybrid (3x in office/week),,https://job-boards.greenhouse.io/employerdirecthealthcare/jobs/5063790007
Sales Strategy and Operations Manager,engine,greenhouse,Remote - USA,Revenue Operations & Enablement,Remote - USA,,https://job-boards.greenhouse.io/engine/jobs/7545594003
Senior Director Strategic Initiatives and Partnerships,ennoblecare,greenhouse,Remote,Executive,Remote,,https://job-boards.greenhouse.io/ennoblecare/jobs/4653645006
Business Compliance Associate - NetCredit,enova,greenhouse,"Chicago, IL",Strategy & Operations ,Chicago,,https://job-boards.greenhouse.io/enova/jobs/7697244
Business Compliance Associate -CashNet USA,enova,greenhouse,"Chicago, IL",Strategy & Operations ,Chicago,,https://job-boards.greenhouse.io/enova/jobs/7608803
"Lead, Strategy & Operations - CashNetUSA (Hybrid)",enova,greenhouse,"Chicago, IL",Strategy & Operations ,Chicago,,https://job-boards.greenhouse.io/enova/jobs/7430144
"Lead, Strategy & Operations - NetCredit (Hybrid)",enova,greenhouse,"Chicago, IL",Strategy & Operations ,Chicago,,https://job-boards.greenhouse.io/enova/jobs/7522965
"Senior Associate, Strategy & Operations - NetCredit (Hybrid)",enova,greenhouse,"Chicago, IL",Strategy & Operations ,Chicago,,https://job-boards.greenhouse.io/enova/jobs/7248939
"Senior Associate, Strategy & Operations - Sales (Hybrid)",enova,greenhouse,"Denver, CO",Strategy & Operations ,Denver,,https://job-boards.greenhouse.io/enova/jobs/7654539
"Senior Associate, Strategy & Operations - Sales (Hybrid)",enova,greenhouse,"Chicago, IL",Strategy & Operations ,Denver,,https://job-boards.greenhouse.io/enova/jobs/7654166
"Senior Manager, Global Strategy and Operations",epickids,greenhouse,"San Jose, California",Business Operations,TAL Education Group HQ,,https://job-boards.greenhouse.io/epickids/jobs/7652767003
FPGA Engineer,eqvilentjobs,greenhouse,Remote,Special Projects,Remote,,https://job-boards.eu.greenhouse.io/eqvilentjobs/jobs/4518567101
"Senior Analyst, Strategic Operations",ethoslife,greenhouse,"Bangalore, India",Product,"Bangalore, India",,https://job-boards.greenhouse.io/ethoslife/jobs/8429910002
"Senior Manager, Strategy & Operations (Consumer Business)",ethoslife,greenhouse,Remote US,Finance & Operations,Remote US,,https://job-boards.greenhouse.io/ethoslife/jobs/8328817002
Strategy & Operations Associate,eucalyptus,greenhouse,"Toronto, Ontario, Canada",Expansion,CA - HQ - Toronto,,https://job-boards.greenhouse.io/eucalyptus/jobs/4645951005
AI Business Operations Manager,evolutioniq,greenhouse,"New York, NY",Engineering,New York (HQ),,https://job-boards.greenhouse.io/evolutioniq/jobs/5809064004
GTM Strategy & Operations Senior Associate,faire,greenhouse,"San Francisco, CA",Strategy & Analytics ,"San Francisco, CA",,https://boards.greenhouse.io/faire/jobs/8130244002?gh_jid=8130244002
International Strategy & Operations Lead,faire,greenhouse,"London, UK",Strategy & Analytics ,"London, UK",,https://boards.greenhouse.io/faire/jobs/8455621002?gh_jid=8455621002
International Strategy & Operations Senior Associate,faire,greenhouse,"London, UK",Strategy & Analytics ,"London, UK",,https://boards.greenhouse.io/faire/jobs/8397578002?gh_jid=8397578002
"Program Manager, Revenue Strategy and Operations",faire,greenhouse,"San Francisco, CA",GTM Operations,"San Francisco, CA",,https://boards.greenhouse.io/faire/jobs/8437997002?gh_jid=8437997002
Strategy & Operations Lead,faire,greenhouse,"San Francisco, CA",Strategy & Analytics ,"San Francisco, CA",,https://boards.greenhouse.io/faire/jobs/8240795002?gh_jid=8240795002
Technology Chief of Staff,familyoffice,greenhouse,New York,Technology,SFM-NY,,https://job-boards.greenhouse.io/familyoffice/jobs/7529389003
CRM Business Operations Manager,faradayfuture,greenhouse,"Gardena, California, United States",UES,"Gardena, CA",,https://job-boards.greenhouse.io/faradayfuture/jobs/7482105003
"Manager, Aftersales Business Operations – EAI Robotics ",faradayfuture,greenhouse,"El Segundo, California, United States",EAI Robotics,"El Segundo, CA-HQ",,https://job-boards.greenhouse.io/faradayfuture/jobs/7644245003
Sales Strategy & Operations Lead,fastly,greenhouse,"Denver, CO",Sales Ops & Enablement,"New York City, NY",,https://www.fastly.com/about/jobs/apply?gh_jid=7654551
Business Operations,fay,greenhouse,NYC or SF,Operations,New York,,https://job-boards.greenhouse.io/fay/jobs/5133451008
Business Operations Associate,feverup,greenhouse,Madrid,OP Strategy,Madrid,,https://job-boards.eu.greenhouse.io/feverup/jobs/4723842101
Business Operations Associate,feverup,greenhouse,Madrid,OP Strategy,Madrid,,https://job-boards.eu.greenhouse.io/feverup/jobs/4794597101
Business Operations Manager,feverup,greenhouse,Madrid,OP Strategy,Madrid,,https://job-boards.eu.greenhouse.io/feverup/jobs/4790197101
Business Operations Manager,feverup,greenhouse,Madrid,OP Strategy,Madrid,,https://job-boards.eu.greenhouse.io/feverup/jobs/4778597101
Business Operations Senior Manager,feverup,greenhouse,Madrid,OP Strategy,Madrid,,https://job-boards.eu.greenhouse.io/feverup/jobs/4790665101
Business Operations Senior Manager,feverup,greenhouse,Madrid,OP Strategy,Madrid,,https://job-boards.eu.greenhouse.io/feverup/jobs/4724227101
Sales Strategy & Operations Manager,feverup,greenhouse,Madrid,OP Strategy,Madrid,,https://job-boards.eu.greenhouse.io/feverup/jobs/4790988101
Business Operations,figma,greenhouse,"San Francisco, CA • New York, NY • United States",Business Operations,US,,https://boards.greenhouse.io/figma/jobs/5786381004?gh_jid=5786381004
"Corporate Development & Strategy, M&A Integration",figma,greenhouse,"San Francisco, CA • New York, NY • United States",Business Operations,US,,https://boards.greenhouse.io/figma/jobs/5699991004?gh_jid=5699991004
GTM Systems Analyst,figma,greenhouse,"San Francisco, CA • New York, NY • United States",Business Operations,US,,https://boards.greenhouse.io/figma/jobs/5811266004?gh_jid=5811266004
"IT Engineer (London, United Kingdom) ",figma,greenhouse,"London, England",Business Operations,"London, UK",,https://boards.greenhouse.io/figma/jobs/5813865004?gh_jid=5813865004
International Tax Manager,figma,greenhouse,"San Francisco, CA • New York, NY • United States",Business Operations,US,,https://boards.greenhouse.io/figma/jobs/5802466004?gh_jid=5802466004
Senior Technical Revenue Manager,figma,greenhouse,"San Francisco, CA • New York, NY • United States",Business Operations,US,,https://boards.greenhouse.io/figma/jobs/5735644004?gh_jid=5735644004
Strategic Finance,figma,greenhouse,"San Francisco, CA • New York, NY • United States",Business Operations,US,,https://boards.greenhouse.io/figma/jobs/5792631004?gh_jid=5792631004
"Lead, Partnerships Business Operations & Strategy",figure,greenhouse,"New York, NY",Finance,"New York, NY",,https://job-boards.greenhouse.io/figure/jobs/8388879002
"Senior Manager, Business Operations & Strategy",figure,greenhouse,"New York, NY",Finance,"San Francisco, CA",,https://job-boards.greenhouse.io/figure/jobs/8357914002
Client Strategy & Operations Associate - Asset Management (New York),finsterai,greenhouse,New York,Go To Market,US Office,,https://job-boards.eu.greenhouse.io/finsterai/jobs/4710687101
Client Strategy & Operations Manager (New York),finsterai,greenhouse,New York,Go To Market,US Office,,https://job-boards.eu.greenhouse.io/finsterai/jobs/4710691101
"Program Manager, Strategic Initiatives",fireblocks,greenhouse,New York,Business Operations,New York,,https://job-boards.greenhouse.io/fireblocks/jobs/4655528006
"Senior Director / Vice President Strategy and Operations, Product and Pipeline Innovation (P&PI)",flagshippioneeringinc,greenhouse,"Cambridge, MA USA",Operations,Flagship Pioneering,,https://boards.greenhouse.io/flagshippioneeringinc/jobs/8453702002?gh_jid=8453702002
AI & Automation Analyst,fleetio,greenhouse,Remote - USA,Business Operations,Remote,,https://job-boards.greenhouse.io/fleetio/jobs/5000427007
"Business Systems Analyst, GTM Systems",fleetio,greenhouse,Remote - USA,Business Operations,Remote,,https://job-boards.greenhouse.io/fleetio/jobs/5056667007
"Chief of Staff, Head of Product Strategy & GTM",fleetio,greenhouse,Remote - USA,General & Administrative,Remote,,https://job-boards.greenhouse.io/fleetio/jobs/5059948007
Director of Marketing Operations,fleetio,greenhouse,Remote,Business Operations,Remote,,https://job-boards.greenhouse.io/fleetio/jobs/5073199007
GTM Onboarding Manager,fleetio,greenhouse,Remote - USA,Business Operations,Remote,,https://job-boards.greenhouse.io/fleetio/jobs/5052366007
"Revenue Operations Manager, Expansion and Retention",fleetio,greenhouse,Remote,Business Operations,Remote,,https://job-boards.greenhouse.io/fleetio/jobs/5065440007
Senior Analytics Engineer - Auto Integrate ,fleetio,greenhouse,"Remote - USA, CAN, MEX",Business Operations,Remote,,https://job-boards.greenhouse.io/fleetio/jobs/5070772007
Senior Analytics Engineer - Fleetio,fleetio,greenhouse,"Remote - USA, CAN, MEX",Business Operations,Remote,,https://job-boards.greenhouse.io/fleetio/jobs/5054939007
" Director, Revenue Strategy and Operations (New Verticals)",flex,greenhouse,"New York, New York, United States",Revenue Operations,"New York, NY",,https://job-boards.greenhouse.io/flex/jobs/4668418005
"Director, Revenue Strategy and Operations (New Verticals)",flex,greenhouse,"San Francisco, California, United States",Revenue Operations,"New York, NY",,https://job-boards.greenhouse.io/flex/jobs/4668430005
"Director, Strategy & Operations (Housing)",flex,greenhouse,"New York, New York, United States",Executive,"New York, NY",,https://job-boards.greenhouse.io/flex/jobs/4658319005
"Senior Manager, Partnerships Strategy & Operations",flex,greenhouse,"San Francisco, California, United States",Business Development,"New York, NY",,https://job-boards.greenhouse.io/flex/jobs/4647045005
"Senior Manager, Partnerships Strategy & Operations",flex,greenhouse,"Salt Lake City, Utah, United States",Business Development,"New York, NY",,https://job-boards.greenhouse.io/flex/jobs/4647046005
"Senior Manager, Partnerships Strategy & Operations",flex,greenhouse,"New York, New York, United States",Business Development,"New York, NY",,https://job-boards.greenhouse.io/flex/jobs/4647044005
"Senior Manager, Strategy & Operations (Consumer Protection Team)",flex,greenhouse,"New York, New York, United States",Executive,"New York, NY",,https://job-boards.greenhouse.io/flex/jobs/4646987005
" Senior Manager, Strategic Initiatives (Fulfillment)",flexport,greenhouse,"Dallas, Texas, United States",Fulfillment,San Bernardino Warehouse,,https://boards.greenhouse.io/flexport/jobs/7238381?gh_jid=7238381
Business Operations Manager,flexport,greenhouse,"San Francisco, California, United States",Office of CEO,San Francisco,,https://boards.greenhouse.io/flexport/jobs/7166036?gh_jid=7166036
"Senior Manager, Strategic Initiatives (Fulfillment)",flexport,greenhouse,"Atlanta, Georgia, United States",Fulfillment,San Bernardino Warehouse,,https://boards.greenhouse.io/flexport/jobs/7449131?gh_jid=7449131
"Senior Manager, Strategic Initiatives (Fulfillment)",flexport,greenhouse,Los Angeles Warehouse,Fulfillment,San Bernardino Warehouse,,https://boards.greenhouse.io/flexport/jobs/7288888?gh_jid=7288888
"Director, Business Operations & Strategy ",formationbio,greenhouse,"New York, NY; Boston, MA",Business Operations & Strategy,New York,,https://job-boards.greenhouse.io/formationbio/jobs/7519509
"Senior Manager, Business Operations & Strategy",formationbio,greenhouse,"New York, NY; Boston, MA",Business Operations & Strategy,New York,,https://job-boards.greenhouse.io/formationbio/jobs/7583781
Hospitality Intern - Business Operations,fschumacherco,greenhouse,"New York, New York",Hospitality,875,,https://job-boards.greenhouse.io/fschumacherco/jobs/5022997008
Sampling Strategy and Operations Associate,fschumacherco,greenhouse,"Soho, New York City ",Corporate,459,,https://job-boards.greenhouse.io/fschumacherco/jobs/5141361008
"Director, Strategy & Operations",garnerhealth,greenhouse,"New York City, New York",Office of the CEO,Headquarters,,https://job-boards.greenhouse.io/garnerhealth/jobs/5802339004
Strategy & Operations Manager,garnerhealth,greenhouse,"New York City, New York",Office of the CEO,Headquarters,,https://job-boards.greenhouse.io/garnerhealth/jobs/5774982004
Accounts Payable Specialist ,gelbergroup,greenhouse,"Chicago, IL",Business Operations,Gelber Chicago (HQ),,https://job-boards.greenhouse.io/gelbergroup/jobs/4646259006
Strategic Initiatives Business Analyst,globalhealthcareexchangeinc,greenhouse,"Hyderabad, Telangana, India",108 - Support Operations,India Hyderabad,,https://job-boards.greenhouse.io/globalhealthcareexchangeinc/jobs/4641555005
Strategy & Operations Associate,glossgenius,greenhouse,"New York, NY",Strategy Operations,NYC HQ - In Office,,https://job-boards.greenhouse.io/glossgenius/jobs/7636412003
"Strategy & Operations Manager, Customer Strategy",glossgenius,greenhouse,"New York, NY",Strategy Operations,NYC HQ - In Office,,https://job-boards.greenhouse.io/glossgenius/jobs/7525810003
Commercial Strategy Manager,gocardless,greenhouse,"London, UK",Strategy & BizOps,London,,https://job-boards.greenhouse.io/gocardless/jobs/7461896
"Staff Data Scientist, Finance",gofundme,greenhouse,"San Francisco, CA",Business Operations,"San Francisco, California",,https://job-boards.greenhouse.io/gofundme/jobs/7379251
Business Strategy & Operations Analyst II-4,gomotive,greenhouse,Hybrid - Lahore,GTM Strategy and Sales Operations,Pakistan,,https://job-boards.greenhouse.io/gomotive/jobs/8307807002
Business Strategy and Operations Analyst II,gomotive,greenhouse,Hybrid - Islamabad,GTM Strategy and Sales Operations,Pakistan,,https://job-boards.greenhouse.io/gomotive/jobs/7761424002
Business Operations Manager,goodfire,greenhouse,"San Francisco, CA",General,San Francisco,,https://job-boards.greenhouse.io/goodfire/jobs/5075058008
"Director, Global Sales Strategy & Operations | United Kingdom | Remote",grafanalabs,greenhouse,United Kingdom (Remote),Sales Operations,EMEA,,https://job-boards.greenhouse.io/grafanalabs/jobs/5718842004
"Legal Program Manager - Product, Privacy, and Policy",grammarly,greenhouse,San Francisco; Hybrid,Strategy and Operations,Job Posting - Remote - United States,,https://job-boards.greenhouse.io/grammarly/jobs/7359372
"Sr. Technical Program Manager, Growth",grammarly,greenhouse,San Francisco,Strategy and Operations,Job Posting - Remote - United States,,https://job-boards.greenhouse.io/grammarly/jobs/7387760
"Staff Technical Program Manager, Coda",grammarly,greenhouse,San Francisco,Strategy and Operations,Job Posting - Remote - United States,,https://job-boards.greenhouse.io/grammarly/jobs/7387759
